{"quiz":{"hideAds":false,"id":10000},"result":{"width":600,"height":750,"image":"10000-in.png","overlays":[{"type":"profile","x":243,"y":118,"w":114,"h":123,"effect":"none","a":0},{"type":"profile","x":92,"y":243,"w":114,"h":123,"effect":"none","a":0},{"type":"profile","x":271,"y":295,"w":114,"h":123,"effect":"none","a":0},{"type":"profile","x":425,"y":232,"w":114,"h":123,"effect":"none","a":0},{"type":"profile","x":150,"y":462,"w":114,"h":123,"effect":"none","a":0},{"type":"profile","x":385,"y":499,"w":123,"h":136,"effect":"none","a":3.6000000000000001}]}}