{"quiz":{"hideAds":false,"id":3023},"result":{"width":800,"height":1000,"image":"in.png","overlays":[{"type":"profile","x":205,"y":37,"w":142,"h":142,"effect":"none","a":0},{"type":"profile","x":359,"y":80,"w":144,"h":144,"effect":"none","a":0},{"type":"profile","x":495,"y":50,"w":129,"h":129,"effect":"none","a":0},{"type":"profile","x":178,"y":205,"w":155,"h":155,"effect":"none","a":0},{"type":"profile","x":347,"y":263,"w":147,"h":147,"effect":"none","a":0},{"type":"profile","x":510,"y":229,"w":140,"h":140,"effect":"none","a":0},{"type":"profile","x":221,"y":362,"w":113,"h":113,"effect":"none","a":0},{"type":"profile","x":238,"y":481,"w":144,"h":139,"effect":"none","a":0},{"type":"profile","x":383,"y":433,"w":112,"h":119,"effect":"none","a":0},{"type":"profile","x":494,"y":391,"w":145,"h":145,"effect":"none","a":0}]}}