[{"id":"6701","image":"67011.jpg"},{"id":"6703","image":"6703.jpg"},{"id":"6600","image":"6600c.jpg"},{"id":"6700","image":"6700d.jpg"},{"id":"1200","image":"1200.jpg"},{"id":"1209","image":"1209.jpg"},{"id":"1222","image":"1222.jpg"},{"id":"1223","image":"1223.jpg"},{"id":"1215","image":"1215.jpg"},{"id":"1219","image":"1219.jpg"},{"id":"1217","image":"1217.jpg"},{"id":"1214","image":"1214.jpg"},{"id":"7971","image":"7971.jpg"},{"id":"1213","image":"1213.jpg"},{"id":"1212","image":"1212.jpg"},{"id":"1211","image":"1211.jpg"},{"id":"3112","image":"3112.jpg"},{"id":"1207","image":"1207.jpg"},{"id":"1206","image":"1206.jpg"},{"id":"3139","image":"3139.jpg"},{"id":"1202","image":"1202.jpg"},{"id":"1204","image":"1204.jpg"},{"id":"1203","image":"1203.jpg"},{"id":"6453","image":"6453.jpg"},{"id":"6452","image":"6452.jpg"},{"id":"7976","image":"7976.jpg"},{"id":"7986","image":"7986.jpg"},{"id":"7994","image":"7994.jpg"},{"id":"7999","image":"7999a.jpg"},{"id":"7998","image":"7998.jpg"},{"id":"7983","image":"7983.jpg"},{"id":"7990","image":"7990.jpg"},{"id":"7988","image":"7988.jpg"},{"id":"7987","image":"7987.jpg"},{"id":"7973","image":"7973.jpg"},{"id":"7981","image":"7981.jpg"},{"id":"7974","image":"7974.jpg"},{"id":"7979","image":"7979.jpg"},{"id":"7978","image":"7978.jpg"},{"id":"7977","image":"7977.jpg"},{"id":"6415","image":"6415.jpg"},{"id":"7490","image":"7490.jpg"},{"id":"7200","image":"7200.jpg"},{"id":"7027","image":"7027.jpg"},{"id":"7217","image":"7217.jpg"},{"id":"7166","image":"7166.jpg"},{"id":"7953","image":"7953.jpg"},{"id":"7939","image":"7939.jpg"},{"id":"7946","image":"7946.jpg"},{"id":"7968","image":"7968.jpg"},{"id":"7967","image":"7967.jpg"},{"id":"7959","image":"7959.jpg"},{"id":"7969","image":"7969.jpg"},{"id":"7958","image":"7958.jpg"},{"id":"7970","image":"7970.jpg"},{"id":"7949","image":"7949.jpg"},{"id":"7952","image":"7952.jpg"},{"id":"7951","image":"7951.jpg"},{"id":"7950","image":"7950.jpg"},{"id":"7957","image":"7957.jpg"},{"id":"7956","image":"7956.jpg"},{"id":"7955","image":"7955.jpg"},{"id":"7954","image":"7954.jpg"},{"id":"7947","image":"7947.jpg"},{"id":"7943","image":"7943.jpg"},{"id":"7937","image":"7937.jpg"},{"id":"7945","image":"7945.jpg"},{"id":"7944","image":"7944.jpg"},{"id":"7933","image":"7933.jpg"},{"id":"7948","image":"7948.jpg"},{"id":"7066","image":"7066.jpg"},{"id":"7584","image":"7584.jpg"},{"id":"7556","image":"7556.jpg"},{"id":"7938","image":"7938.jpg"},{"id":"7942","image":"7942.jpg"},{"id":"7941","image":"7941.jpg"},{"id":"111002","image":"111002.jpg"},{"id":"7923","image":"7923.jpg"},{"id":"6450","image":"6450.jpg"},{"id":"7785","image":"7785.jpg"},{"id":"7771","image":"7771.jpg"},{"id":"6435","image":"6435.jpg"},{"id":"7936","image":"7936.jpg"},{"id":"6449","image":"6449.jpg"},{"id":"7935","image":"7935.jpg"},{"id":"7934","image":"7934.jpg"},{"id":"6448","image":"6448.jpg"},{"id":"7930","image":"7930.jpg"},{"id":"7931","image":"7931.jpg"},{"id":"2411","image":"2411.jpg"},{"id":"2410","image":"2410.jpg"},{"id":"2409","image":"2409.jpg"},{"id":"2408","image":"2408.jpg"},{"id":"2407","image":"2407.jpg"},{"id":"6447","image":"6447.jpg"},{"id":"7924","image":"7924.jpg"},{"id":"7929","image":"7929.jpg"},{"id":"2406","image":"2406.jpg"},{"id":"7928","image":"7928.jpg"},{"id":"2405","image":"2405.jpg"},{"id":"2404","image":"2404.jpg"},{"id":"7927","image":"7927.jpg"},{"id":"6444","image":"6444.jpg"},{"id":"7920","image":"7920.jpg"},{"id":"7701","image":"7701.jpg"},{"id":"7903","image":"7903.jpg"},{"id":"7913","image":"7913.jpg"},{"id":"7872","image":"7872.jpg"},{"id":"7907","image":"7907.jpg"},{"id":"7919","image":"7919.jpg"},{"id":"7916","image":"7916.jpg"},{"id":"2401","image":"2401.jpg"},{"id":"7905","image":"7905.jpg"},{"id":"7912","image":"7912.jpg"},{"id":"7911","image":"7911.jpg"},{"id":"7898","image":"7898.jpg"},{"id":"7909","image":"7909b.jpeg"},{"id":"7862","image":"7862.jpg"},{"id":"2389","image":"2389.jpg"},{"id":"2259","image":"2259.jpg"},{"id":"7817","image":"7817.jpg"},{"id":"7899","image":"7899.jpg"},{"id":"7881","image":"7881.jpg"},{"id":"7636","image":"7636.jpg"},{"id":"6445","image":"6445.jpg"},{"id":"7812","image":"7812.jpg"},{"id":"7846","image":"7846.jpg"},{"id":"7703","image":"7703.jpg"},{"id":"7888","image":"7888.jpg"},{"id":"2388","image":"2388.jpg"},{"id":"2399","image":"2399.jpg"},{"id":"7900","image":"7900.jpg"},{"id":"3662","image":"3662.jpg"},{"id":"7868","image":"7868.jpg"},{"id":"7891","image":"7891.jpg"},{"id":"4486","image":"4486.jpg"},{"id":"7902","image":"7902.jpg"},{"id":"7896","image":"7896.jpg"},{"id":"7866","image":"7866.jpg"},{"id":"7538","image":"7538.jpg"},{"id":"7854","image":"7854.jpg"},{"id":"7859","image":"7859.jpg"},{"id":"7864","image":"7864.jpg"},{"id":"7861","image":"7861.jpg"},{"id":"7860","image":"7860.jpg"},{"id":"7857","image":"7857.jpg"},{"id":"7856","image":"7856.jpg"},{"id":"2384","image":"2384.jpg"},{"id":"2383","image":"2383.jpg"},{"id":"6442","image":"6442a.jpg"},{"id":"7833","image":"7833.jpg"},{"id":"8126","image":"8126bg.jpg"},{"id":"7664","image":"7664.jpg"},{"id":"7548","image":"7548.jpg"},{"id":"3180","image":"3180.jpg"},{"id":"7465","image":"7465.jpg"},{"id":"2368","image":"2368.jpg"},{"id":"7717","image":"7717.jpg"},{"id":"7783","image":"7783.jpg"},{"id":"7800","image":"7800.jpg"},{"id":"7555","image":"7555.jpg"},{"id":"2323","image":"2323.jpg"},{"id":"7597","image":"7597.jpg"},{"id":"7609","image":"7609.jpg"},{"id":"3963","image":"3963.jpg"},{"id":"7808","image":"7808.jpg"},{"id":"7430","image":"7430.jpg"},{"id":"2244","image":"2244.jpg"},{"id":"2210","image":"2210.jpg"},{"id":"3348","image":"3348.jpg"},{"id":"2291","image":"2291.jpg"},{"id":"2290","image":"2290.jpg"},{"id":"2280","image":"2280.jpg"},{"id":"7686","image":"7686.jpg"},{"id":"6423","image":"6423.jpg"},{"id":"7444","image":"7444.jpg"},{"id":"7699","image":"7699.jpg"},{"id":"7694","image":"7694.jpg"},{"id":"7677","image":"7677.jpg"},{"id":"7420","image":"7420.jpg"},{"id":"7709","image":"7709.jpg"},{"id":"7705","image":"7705.jpg"},{"id":"3747","image":"3747.jpg"},{"id":"7517","image":"7517.jpg"},{"id":"7538","image":"7538.jpg"},{"id":"4575","image":"4575.jpg"},{"id":"7037","image":"7037.jpg"},{"id":"7580","image":"7580.jpg"},{"id":"6427","image":"6427.jpg"},{"id":"4051","image":"bg.jpg"},{"id":"7263","image":"7263.jpg"},{"id":"6430","image":"6430.jpg"},{"id":"7706","image":"7706a.jpg"},{"id":"7446","image":"7446.jpg"},{"id":"7518","image":"7518.jpg"},{"id":"3824","image":"3824.jpg"},{"id":"7689","image":"7689.jpg"},{"id":"3556","image":"3556.jpg"},{"id":"7682","image":"7682.jpg"},{"id":"7214","image":"7214.jpg"},{"id":"2284","image":"2284.jpg"},{"id":"2263","image":"2263.jpg"},{"id":"6405","image":"6405.jpg"},{"id":"7621","image":"7621.jpg"},{"id":"3988","image":"3988.jpg"},{"id":"2266","image":"2266.jpg"},{"id":"2160","image":"2160.jpg"},{"id":"7481","image":"7481.jpg"},{"id":"7110","image":"7110.jpg"},{"id":"2107","image":"2107.jpg"},{"id":"7674","image":"7674.jpg"},{"id":"7093","image":"7093.jpg"},{"id":"7314","image":"7314.jpg"},{"id":"7685","image":"7685.jpg"},{"id":"230802","image":"230802.jpg"},{"id":"3149","image":"3149.jpg"},{"id":"1060","image":"1060.jpg"},{"id":"3045","image":"bg.jpg"},{"id":"7668","image":"7668.jpg"},{"id":"7619","image":"7619.jpg"},{"id":"7557","image":"7557.jpg"},{"id":"7690","image":"7690.jpg"},{"id":"2203","image":"2203.jpg"},{"id":"7058","image":"7058.jpg"},{"id":"7615","image":"7615.jpg"},{"id":"7495","image":"7495.jpg"},{"id":"7243","image":"7243.jpg"},{"id":"7688","image":"7688.jpg"},{"id":"2295","image":"2295.jpg"},{"id":"2146","image":"2146.jpg"},{"id":"2296","image":"2296.jpg"},{"id":"3425","image":"3425.jpg"},{"id":"7651","image":"7651.jpg"},{"id":"2226","image":"2226.jpg"},{"id":"2265","image":"2265.jpg"},{"id":"7107","image":"7107.jpg"},{"id":"2239","image":"2239.jpg"},{"id":"2292","image":"2292.jpg"},{"id":"7024","image":"7024.jpg"},{"id":"3613","image":"3613.jpg"},{"id":"2204","image":"2204.jpg"},{"id":"2220","image":"2220.jpg"},{"id":"7568","image":"7568.jpg"},{"id":"3919","image":"3919.jpg"},{"id":"7459","image":"7459.jpg"},{"id":"3703","image":"3703.jpg"},{"id":"7457","image":"7457.jpg"},{"id":"6600","image":"6600.jpg"},{"id":"7028","image":"7028.jpg"},{"id":"7659","image":"7659.jpg"},{"id":"7715","image":"7715.jpg"},{"id":"7611","image":"7611.jpg"},{"id":"2177","image":"2177.jpg"},{"id":"3713","image":"3713.jpg"},{"id":"7108","image":"7108.jpg"},{"id":"3080","image":"bg.jpg"},{"id":"7640","image":"7640.jpg"},{"id":"4279","image":"4279.jpg"},{"id":"4180","image":"4180.jpg"},{"id":"7537","image":"7537.jpg"},{"id":"7123","image":"7123.jpg"},{"id":"7657","image":"7657.jpg"},{"id":"3278","image":"3278.jpg"},{"id":"7319","image":"7319.jpg"},{"id":"3674","image":"3674.jpg"},{"id":"7069","image":"7069.jpg"},{"id":"7245","image":"7245.jpg"},{"id":"5126","image":"5126a.jpg"},{"id":"2155","image":"2155.jpg"},{"id":"7329","image":"7329.jpg"},{"id":"7224","image":"7224.jpg"},{"id":"7628","image":"7628.jpg"},{"id":"7041","image":"7041.jpg"},{"id":"7569","image":"7569.jpg"},{"id":"4546","image":"4546.jpg"},{"id":"7605","image":"7605.jpg"},{"id":"7656","image":"7656.jpg"},{"id":"7626","image":"7626.jpg"},{"id":"3666","image":"3666.jpg"},{"id":"7635","image":"7635.jpg"},{"id":"7193","image":"7193.jpg"},{"id":"7021","image":"7021.jpg"},{"id":"7661","image":"7661.jpg"},{"id":"7013","image":"7013.jpg"},{"id":"7670","image":"7670.jpg"},{"id":"7210","image":"7210.jpg"},{"id":"2250","image":"2250.jpg"},{"id":"7646","image":"7646.jpg"},{"id":"7645","image":"7645.jpg"},{"id":"7005","image":"7005.jpg"},{"id":"2235","image":"2235.jpg"},{"id":"7445","image":"7445.jpg"},{"id":"7639","image":"7639.jpg"},{"id":"3347","image":"3347.jpg"},{"id":"7368","image":"7368.jpg"},{"id":"7068","image":"7068.jpg"},{"id":"2200","image":"2200.jpg"},{"id":"7588","image":"7588.jpg"},{"id":"7115","image":"7115.jpg"},{"id":"7617","image":"7617.jpg"},{"id":"7638","image":"7638.jpg"},{"id":"2191","image":"2191.jpg"},{"id":"7662","image":"7662.jpg"},{"id":"4616","image":"4616.jpg"},{"id":"7648","image":"7648.jpg"},{"id":"2267","image":"2267.jpg"},{"id":"4257","image":"4257.jpg"},{"id":"2161","image":"2161.jpg"},{"id":"7491","image":"7491.jpg"},{"id":"3326","image":"3326.jpg"},{"id":"6421","image":"6421a.jpg"},{"id":"7666","image":"7666.jpg"},{"id":"300153","image":"300153a.jpg"},{"id":"7604","image":"7604.jpg"},{"id":"7675","image":"7675.jpg"},{"id":"7698","image":"7698.jpg"},{"id":"7508","image":"7508.jpg"},{"id":"4155","image":"4155.jpg"},{"id":"7650","image":"7650.jpg"},{"id":"7418","image":"7418.jpg"},{"id":"7596","image":"7596.jpg"},{"id":"7652","image":"7652.jpg"},{"id":"7460","image":"7460.jpg"},{"id":"7589","image":"7589.jpg"},{"id":"3995","image":"3995.jpg"},{"id":"7565","image":"7565.jpg"},{"id":"3368","image":"3368.jpg"},{"id":"2138","image":"2138.jpg"},{"id":"3675","image":"3675.jpg"},{"id":"7530","image":"7530.jpg"},{"id":"7362","image":"7362.jpg"},{"id":"7451","image":"7451.jpg"},{"id":"6422","image":"6422.png"},{"id":"7590","image":"7590.jpg"},{"id":"7510","image":"7510.jpg"},{"id":"7503","image":"7503.jpg"},{"id":"7522","image":"7522.jpg"},{"id":"7355","image":"7355.jpg"},{"id":"7622","image":"7622.jpg"},{"id":"7453","image":"7453.jpg"},{"id":"2180","image":"2180.jpg"},{"id":"7583","image":"7583.jpg"},{"id":"7642","image":"7642.jpg"},{"id":"4162","image":"4162.jpg"},{"id":"7620","image":"7620.jpg"},{"id":"7601","image":"7601.jpg"},{"id":"4176","image":"4176.jpg"},{"id":"7563","image":"7563.jpg"},{"id":"2194","image":"2194.jpg"},{"id":"91704","image":"91704.jpg"},{"id":"3914","image":"3914.jpg"},{"id":"3300","image":"3300.jpg"},{"id":"2115","image":"2115.jpg"},{"id":"7285","image":"7285.jpg"},{"id":"7549","image":"7549.jpg"},{"id":"4132","image":"4132.jpg"},{"id":"7602","image":"7602.jpg"},{"id":"4171","image":"4171a.jpg"},{"id":"3111","image":"3111.jpg"},{"id":"7627","image":"7627.jpg"},{"id":"7085","image":"7085.jpg"},{"id":"3427","image":"3427.jpg"},{"id":"7133","image":"7133.jpg"},{"id":"7554","image":"7554.jpg"},{"id":"8203","image":"8203.jpg"},{"id":"4173","image":"4173.jpg"},{"id":"3478","image":"3478.jpg"},{"id":"3937","image":"3937.jpg"},{"id":"3934","image":"3934a.jpg"},{"id":"2278","image":"2278.jpg"},{"id":"2217","image":"2217.jpg"},{"id":"7566","image":"7566.jpg"},{"id":"3841","image":"3841.jpg"},{"id":"7044","image":"7044.jpg"},{"id":"7373","image":"7373.jpg"},{"id":"3774","image":"3774.jpg"},{"id":"3342","image":"3342.jpg"},{"id":"3370","image":"3370.jpg"},{"id":"4331","image":"4331.jpg"},{"id":"7254","image":"7254.jpg"},{"id":"7562","image":"7562.jpg"},{"id":"7558","image":"7558.jpg"},{"id":"230803","image":"230803.jpg"},{"id":"7440","image":"7440.jpg"},{"id":"7489","image":"7489.jpg"},{"id":"7660","image":"7660.jpg"},{"id":"7525","image":"7525.jpg"},{"id":"8206","image":"8206.jpg"},{"id":"7358","hìnhảnh":"7358.jpg"},{"id":"7404","hìnhảnh":"7404.jpg"},{"id":"4614","image":"4614.jpg"},{"id":"7552","image":"7552.jpg"},{"id":"7593","image":"7593.jpg"},{"id":"4154","image":"4154.jpg"},{"id":"7647","image":"7647.jpg"},{"id":"2102","image":"2102.jpg"},{"id":"7325","image":"7325.jpg"},{"id":"4167","image":"4167.jpg"},{"id":"7083","image":"7083.jpg"},{"id":"7579","image":"7579.jpg"},{"id":"6425","image":"6425.jpg"},{"id":"7391","image":"7391.jpg"},{"id":"2171","image":"2171.jpg"},{"id":"2111","image":"2111.jpg"},{"id":"2219","image":"2219.jpg"},{"id":"3768","image":"3768.jpg"},{"id":"7395","image":"7395.jpg"},{"id":"7564","image":"7564.jpg"},{"id":"3305","image":"3305cc.jpg"},{"id":"7407","image":"7407.jpg"},{"id":"7375","image":"7375.jpg"},{"id":"7317","image":"7317.jpg"},{"id":"7516","image":"7516.jpg"},{"id":"7449","image":"7449.jpg"},{"id":"7534","image":"7534.jpg"},{"id":"7532","image":"7532.jpg"},{"id":"2144","image":"2144.jpg"},{"id":"4313","image":"4313.jpg"},{"id":"3240","image":"3240cc.jpg"},{"id":"7413","image":"7413.jpg"},{"id":"3294","image":"3294.jpg"},{"id":"7535","image":"7535.jpg"},{"id":"7462","image":"7462.jpg"},{"id":"2141","image":"2141.jpg"},{"id":"3388","image":"3388.jpg"},{"id":"7448","image":"7448a.jpg"},{"id":"2175","image":"2175.jpg"},{"id":"4306","image":"4306.jpg"},{"id":"2117","image":"2117.jpg"},{"id":"2270","image":"2270.jpg"},{"id":"7533","image":"7533.jpg"},{"id":"2040","image":"2040.jpg"},{"id":"3432","image":"3432.jpg"},{"id":"2184","image":"2184.jpg"},{"id":"7298","image":"7298.jpg"},{"id":"7433","image":"7433.jpg"},{"id":"2165","image":"2165.jpg"},{"id":"3358","image":"3358.jpg"},{"id":"7423","image":"7423.jpg"},{"id":"7513","image":"7513.jpg"},{"id":"7488","image":"7488.jpg"},{"id":"5810","image":"5810a.jpg"},{"id":"3683","image":"3683.jpg"},{"id":"4286","image":"4286.jpg"},{"id":"7424","image":"7424.jpg"},{"id":"2272","image":"2272.jpg"},{"id":"7426","image":"7426.jpg"},{"id":"3333","image":"3333.jpg"},{"id":"5100","image":"5100.jpg"},{"id":"7441","image":"7441.jpg"},{"id":"7520","image":"7520.jpg"},{"id":"7610","image":"7610.jpg"},{"id":"7623","image":"7623.jpg"},{"id":"2178","image":"2178.jpg"},{"id":"3362","image":"3362.jpg"},{"id":"6424","image":"6424.jpg"},{"id":"7521","image":"7521.jpg"},{"id":"7540","image":"7540.jpg"},{"id":"2211","image":"2211.jpg"},{"id":"4267","image":"4267.jpg"},{"id":"7526","image":"7526.jpg"},{"id":"7637","image":"7637.jpg"},{"id":"8197","image":"8197bgg.jpg"},{"id":"7571","image":"7571.jpg"},{"id":"2136","image":"2136.jpg"},{"id":"3216","image":"3216.jpg"},{"id":"3280","image":"3280.jpg"},{"id":"3392","image":"3392.jpg"},{"id":"7585","image":"7585.jpg"},{"id":"7676","image":"7676.jpg"},{"id":"7409","image":"7409.jpg"},{"id":"2215","image":"2215.jpg"},{"id":"2209","image":"2209.jpg"},{"id":"3880","image":"3880.jpg"},{"id":"3352","image":"3352.jpg"},{"id":"4148","image":"4148a.jpg"},{"id":"7500","image":"7500.jpg"},{"id":"7634","image":"7634.jpg"},{"id":"3890","image":"3890.jpg"},{"id":"4226","image":"4226.jpg"},{"id":"2179","image":"2179.jpg"},{"id":"2229","image":"2229.jpg"},{"id":"7595","image":"7595.jpg"},{"id":"7669","image":"7669.jpg"},{"id":"5122","image":"5122.jpg"},{"id":"2132","image":"2132.jpg"},{"id":"3859","image":"3859.jpg"},{"id":"2237","image":"2237.jpg"},{"id":"7400","image":"7400.jpg"},{"id":"7591","image":"7591.jpg"},{"id":"3379","image":"3379.jpg"},{"id":"5094","image":"5094.jpg"},{"id":"3354","image":"3354a.jpg"},{"id":"4336","image":"4336.jpg"},{"id":"4228","image":"4228.jpg"},{"id":"7594","image":"7594.jpg"},{"id":"7632","image":"7632.jpg"},{"id":"8201","image":"8201.jpg"},{"id":"3295","image":"3295.jpg"},{"id":"7269","image":"7269a.jpg"},{"id":"81511","image":"81511bgg.jpg"},{"id":"7519","image":"7519.jpg"},{"id":"3404","image":"3404.jpg"},{"id":"7499","image":"7499.jpg"},{"id":"8147","image":"8147bgg.jpg"},{"id":"3203","image":"3203cc.jpg"},{"id":"3899","image":"3899.jpg"},{"id":"3981","image":"3981.jpg"},{"id":"7485","image":"7485.jpg"},{"id":"3842","image":"3842.jpg"},{"id":"7386","image":"7386.jpg"},{"id":"3874","image":"3874.jpg"},{"id":"7333","image":"7333.jpg"},{"id":"4271","image":"4271.jpg"},{"id":"7335","image":"7335.jpg"},{"id":"7599","image":"7599.jpg"},{"id":"3323","image":"3323.jpg"},{"id":"4341","image":"4341.jpg"},{"id":"2195","image":"2195.jpg"},{"id":"3949","image":"3949.jpg"},{"id":"7542","image":"7542.jpg"},{"id":"7582","image":"7582.jpg"},{"id":"3448","image":"3448.jpg"},{"id":"4204","image":"4204.jpg"},{"id":"4334","image":"4334.jpg"},{"id":"4270","image":"4270.jpg"},{"id":"2159","image":"2159.jpg"},{"id":"7367","image":"7367.jpg"},{"id":"4121","image":"4121.jpg"},{"id":"4159","image":"4159.jpg"},{"id":"4292","image":"4292.jpg"},{"id":"7506","image":"7506.jpg"},{"id":"7665","image":"7665.jpg"},{"id":"4175","image":"4175.jpg"},{"id":"4613","image":"4613.jpg"},{"id":"3262","image":"3262.jpg"},{"id":"7332","image":"7332.jpg"},{"id":"3676","image":"3676.jpg"},{"id":"4109","image":"4109.jpg"},{"id":"5106","image":"5106.jpg"},{"id":"3918","image":"3918.jpg"},{"id":"7678","image":"7678.jpg"},{"id":"7497","image":"7497.jpg"},{"id":"2105","image":"2105.jpg"},{"id":"4302","image":"4302a.jpg"},{"id":"4258","image":"4258.jpg"},{"id":"3446","image":"3446.jpg"},{"id":"4297","image":"4297.jpg"},{"id":"1116","image":"1116a.jpg"},{"id":"2298","image":"2298.jpg"},{"id":"3690","image":"3690.jpg"},{"id":"3856","image":"3856c.jpg"},{"id":"4205","image":"4205.jpg"},{"id":"7438","image":"7438.jpg"},{"id":"8196","image":"8196.jpg"},{"id":"3281","image":"3281.jpg"},{"id":"3321","image":"3321.jpg"},{"id":"3992","image":"3992.jpg"},{"id":"4304","image":"4304.jpg"},{"id":"4312","image":"4312a.jpg"},{"id":"2190","image":"2190.jpg"},{"id":"3438","image":"3438.jpg"},{"id":"3982","image":"3982.jpg"},{"id":"4361","image":"4361.jpg"},{"id":"5101","image":"5101.jpg"},{"id":"7359","image":"7359.jpg"},{"id":"3290","image":"3290.jpg"},{"id":"3416","image":"3416.jpg"},{"id":"4305","image":"4305.jpg"},{"id":"7384","image":"7384.jpg"},{"id":"2156","image":"2156.jpg"},{"id":"2158","image":"2158.jpg"},{"id":"2227","image":"2227.jpg"},{"id":"3946","image":"3946.jpg"},{"id":"3994","image":"3994.jpg"},{"id":"3396","image":"3396.jpg"},{"id":"3452","image":"3452.jpg"},{"id":"3898","image":"3898.jpg"},{"id":"2182","image":"2182.jpg"},{"id":"3904","image":"3904.jpg"},{"id":"4230","image":"4230.jpg"},{"id":"7294","image":"7294.jpg"},{"id":"3316","image":"3316.jpg"},{"id":"3843","image":"3843.jpg"},{"id":"4311","image":"4311.jpg"},{"id":"7598","image":"7598.jpg"},{"id":"2185","image":"2185.jpg"},{"id":"8209","image":"8209.jpg"},{"id":"3287","image":"3287.jpg"},{"id":"7501","image":"7501.jpg"},{"id":"3103","image":"3103.jpg"},{"id":"3698","image":"3698.jpg"},{"id":"4185","image":"4185.jpg"},{"id":"4288","image":"4288.jpg"},{"id":"4309","image":"4309.jpg"},{"id":"3289","image":"3289.jpg"},{"id":"7484","image":"7484.jpg"},{"id":"3451","image":"3451.jpg"},{"id":"3999","image":"3999.jpg"},{"id":"4182","image":"4182.jpg"},{"id":"3402","image":"3402.jpg"},{"id":"3980","image":"3980.jpg"},{"id":"7454","image":"7454.jpg"},{"id":"2157","image":"2157.jpg"},{"id":"2228","image":"2228.jpg"}]