{"quiz":{"hideAds":false,"id":2042},"result":{"width":600,"height":600,"image":"inapp.png","overlays":[{"type":"profile","x":547,"y":20,"w":86,"h":86,"effect":"none","a":0},{"type":"profile","x":554,"y":218,"w":34,"h":34,"effect":"none","a":0},{"type":"profile","x":550,"y":411,"w":35,"h":35,"effect":"none","a":0},{"type":"profile","x":470,"y":11,"w":40,"h":40,"effect":"none","a":0},{"type":"profile","x":516,"y":93,"w":30,"h":30,"effect":"none","a":0},{"type":"profile","x":491,"y":230,"w":48,"h":48,"effect":"none","a":0},{"type":"profile","x":434,"y":302,"w":60,"h":60,"effect":"none","a":0},{"type":"profile","x":82,"y":199,"w":34,"h":34,"effect":"none","a":0},{"type":"profile","x":438,"y":137,"w":34,"h":34,"effect":"none","a":0},{"type":"profile","x":48,"y":169,"w":30,"h":30,"effect":"none","a":0},{"type":"profile","x":327,"y":264,"w":30,"h":30,"effect":"none","a":0},{"type":"profile","x":414,"y":175,"w":30,"h":30,"effect":"none","a":0},{"type":"profile","x":160,"y":101,"w":30,"h":30,"effect":"none","a":0},{"type":"profile","x":359,"y":24,"w":40,"h":40,"effect":"none","a":0},{"type":"profile","x":233,"y":30,"w":40,"h":40,"effect":"none","a":0},{"type":"profile","x":122,"y":10,"w":44,"h":44,"effect":"none","a":0},{"type":"profile","x":322,"y":48,"w":34,"h":34,"effect":"none","a":0},{"type":"profile","x":60,"y":58,"w":36,"h":36,"effect":"none","a":0},{"type":"profile","x":46,"y":262,"w":36,"h":36,"effect":"none","a":0},{"type":"profile","x":250,"y":300,"w":36,"h":36,"effect":"none","a":0},{"type":"profile","x":52,"y":388,"w":38,"h":38,"effect":"none","a":0},{"type":"profile","x":140,"y":192,"w":38,"h":38,"effect":"none","a":0},{"type":"profile","x":-37,"y":0,"w":73,"h":73,"effect":"none","a":0},{"type":"profile","x":333,"y":86,"w":75,"h":75,"effect":"none","a":0},{"type":"profile","x":154,"y":228,"w":46,"h":46,"effect":"none","a":0},{"type":"profile","x":240,"y":118,"w":120,"h":120,"effect":"none","a":0}]}}