{"quiz":{"hideAds":false,"id":11122},"result":{"width":600,"height":756,"image":"11122.png","overlays":[{"type":"profile","x":194,"y":417,"w":216,"h":216,"effect":"none","a":0},{"type":"profile","x":30,"y":110,"w":121,"h":121,"effect":"none","a":0},{"type":"profile","x":167,"y":108,"w":121,"h":121,"effect":"none","a":0},{"type":"profile","x":314,"y":108,"w":121,"h":121,"effect":"none","a":0},{"type":"profile","x":459,"y":108,"w":121,"h":121,"effect":"none","a":0},{"type":"profile","x":387,"y":228,"w":121,"h":121,"effect":"none","a":0},{"type":"profile","x":98,"y":230,"w":121,"h":121,"effect":"none","a":0}]}}