[{"id":"1405","image":"1405top1.png","x":74,"y":0,"w":444,"h":444,"r":0,"count":"782932"},{"id":"6456","image":"6456top1.png","x":136,"y":124,"w":355,"h":355,"r":0,"count":"500999"},{"id":"1401","image":"1401top1.png","x":0,"y":0,"w":600,"h":600,"r":0,"count":"458702"},{"id":"2444","image":"2444top1.png","x":57,"y":177,"w":343,"h":343,"r":0,"count":"52651"},{"id":"5401","image":"5401top1.png","x":42,"y":18,"w":525,"h":525,"r":0,"count":"116006"},{"id":"1397","image":"1397top1.png","x":160,"y":66,"w":383,"h":383,"r":0,"count":"92316"},{"id":"1390","image":"1390top1.png","x":135,"y":292,"w":275,"h":275,"r":0,"count":"51342"},{"id":"6462","image":"6462top1.png","x":138,"y":174,"w":342,"h":342,"r":0,"count":"108459"},{"id":"5416","image":"5416top1.png","x":59,"y":68,"w":488,"h":488,"r":0,"count":"99895"},{"id":"1313","image":"1313top.png","x":0,"y":-50,"w":600,"h":600,"r":0,"count":"55060"}]