{"quiz":{"hideAds":false,"id":1085},"result":{"width":600,"height":669,"image":"1085-in.png","overlays":[{"type":"profile","x":33,"y":37,"w":283,"h":313,"effect":"none","a":0},{"type":"profile","x":337,"y":75,"w":96,"h":96,"effect":"none","a":0},{"type":"profile","x":446,"y":75,"w":96,"h":96,"effect":"none","a":0},{"type":"profile","x":338,"y":193,"w":96,"h":96,"effect":"none","a":0},{"type":"profile","x":446,"y":193,"w":96,"h":96,"effect":"none","a":0},{"type":"profile","x":54,"y":303,"w":96,"h":96,"effect":"none","a":0},{"type":"profile","x":150,"y":306,"w":96,"h":96,"effect":"none","a":0},{"type":"profile","x":243,"y":311,"w":96,"h":96,"effect":"none","a":0},{"type":"profile","x":339,"y":308,"w":96,"h":96,"effect":"none","a":0},{"type":"profile","x":436,"y":306,"w":96,"h":96,"effect":"none","a":0}]}}