{"quiz":{"hideAds":false,"id":3061},"result":{"width":800,"height":1000,"image":"in.png","overlays":[{"type":"profile","x":359,"y":191,"w":100,"h":102,"effect":"none","a":0},{"type":"profile","x":408,"y":323,"w":121,"h":121,"effect":"none","a":0},{"type":"profile","x":269,"y":350,"w":126,"h":126,"effect":"none","a":0},{"type":"profile","x":340,"y":514,"w":136,"h":136,"effect":"none","a":0},{"type":"profile","x":178,"y":640,"w":170,"h":170,"effect":"none","a":0},{"type":"profile","x":468,"y":649,"w":171,"h":162,"effect":"none","a":0}]}}