[
{"id":"10001","image":"1.jpg"},
{"id":"10002","image":"2.jpg"},
{"id":"10003","image":"3.jpg"},
{"id":"10004","image":"4.jpg"},
{"id":"10005","image":"5.jpg"},
{"id":"10006","image":"6.jpg"},
{"id":"10007","image":"7.jpg"},
{"id":"111","image":"111bg.jpg??"},
{"id":"112","image":"112bg.jpg"},
{"id":"113","image":"113bg.jpg"},
{"id":"114","image":"114bg.jpg"},
{"id":"115","image":"115bg.jpg"},
{"id":"116","image":"116bg.jpg"},
{"id":"117","image":"117bg.jpg"},
{"id":"118","image":"118bg.jpg"},
{"id":"119","image":"119bg.jpg"},
{"id":"120","image":"120bg.jpg"},
{"id":"121","image":"121bg.jpg"},
{"id":"122","image":"122bg.jpg"},
{"id":"123","image":"123bg.jpg"},
{"id":"101","image":"101bg.jpg"},
{"id":"102","image":"102bg.jpg"},
{"id":"103","image":"103bg.jpg"},
{"id":"104","image":"104bg.jpg"},
{"id":"105","image":"105bg.jpg"},
{"id":"106","image":"106bg.jpg"},
{"id":"107","image":"107bg.jpg"},
{"id":"108","image":"108bg.jpg"},
{"id":"109","image":"109bg.jpg"},
{"id":"110","image":"110bg.jpg"},
{"id":"10008","image":"8.jpg"}

]