﻿[{"id":"3150","image":"3150.jpg"},{"id":"3128","image":"3128.jpg"},{"id":"3127","image":"3127.jpg"},{"id":"3100","image":"3100.jpg"},{"id":"3126","image":"3126.jpg"},{"id":"3125","image":"3125.jpg"},{"id":"3124","image":"3124.jpg"},{"id":"3123","image":"3123.jpg"},{"id":"3122","image":"3122a.jpg"},{"id":"3121","image":"3121.jpg"},{"id":"3273","image":"3273.jpg"},{"id":"3263","image":"3263.jpg"},{"id":"3333","image":"3333.jpg"},{"id":"3323","image":"3323.jpg"},{"id":"3303","image":"3303.jpg"},{"id":"3297","image":"3297.jpg"},{"id":"3275","image":"3275.jpg"},{"id":"3285","image":"3285.jpg"},{"id":"3259","image":"3259.jpg"},{"id":"3195","image":"3195.jpg"},{"id":"3200","image":"3200.jpg"},{"id":"3173","image":"3173.jpg"},{"id":"3161","image":"3161.jpg"},{"id":"3147","image":"3147.jpg"},{"id":"3112","image":"3112.jpg"},{"id":"3111","image":"3111.jpg"},{"id":"1113","image":"1113.jpg"},{"id":"1112","image":"1112.jpg"},{"id":"3119","image":"3119.jpg"},{"id":"4140","image":"4140.jpg"},{"id":"3109","image":"3109.jpg"},{"id":"3108","image":"3108.jpg"},{"id":"3141","image":"3141.jpg"},{"id":"3118","image":"3118.jpg"},{"id":"3101","image":"3101.jpg"},{"id":"3097","image":"3097.jpg"},{"id":"8136","image":"8136bg.jpg"},{"id":"2019","image":"bg.jpg"},{"id":"8131","image":"8131bg.jpg"},{"id":"8129","image":"8129bg.jpg"},{"id":"5029","image":"bg.jpg"},{"id":"1051","image":"1051.jpg"},{"id":"4018","image":"bg.png"},{"id":"20005","image":"bg.jpg"},{"id":"1022","image":"1022.jpg"},{"id":"20007","image":"bg.jpg"},{"id":"3019","image":"bg.jpg"},{"id":"55244","image":"bg.jpg"},{"id":"8111","image":"8111bg.jpg"},{"id":"20006","image":"bg.jpg"},{"id":"55242","image":"bg.jpg"},{"id":"3014","image":"bg.jpg"},{"id":"3013","image":"bg.jpg"},{"id":"4011","image":"bg.png"},{"id":"4009","image":"bg.jpg"}]