{
  "quiz": {
    "hideAds": false,
    "id": 1010
  },
  "result": 
  {
      "width": 800,
      "height": 1000,
      "image": "10.png",
      "overlays": [
  		{
  				"a": 0,
  				"effect": "none",
  				"h": 100,
  				"type": "profile",
  				"w": 100,
  				"x": 270,
  				"y": 72
  		},
      {
          "a": 0,
          "effect": "none",
          "h": 90,
          "type": "profile",
          "w": 90,
          "x": 395,
          "y": 133
      },
       {
          "a": 0,
          "effect": "none",
          "h": 145,
          "type": "profile",
          "w": 140,
          "x": 127,
          "y": 217
      },
      {
          "a": 0,
          "effect": "none",
          "h": 100,
          "type": "profile",
          "w": 100,
          "x": 305,
          "y": 280
      },
       {
          "a": 0,
          "effect": "none",
          "h": 150,
          "type": "profile",
          "w": 150,
          "x": 453,
          "y": 263
      },
       {
          "a": 0,
          "effect": "none",
          "h": 155,
          "type": "profile",
          "w": 155,
          "x": 250,
          "y": 423
      },
      {
          "a": 0,
          "effect": "none",
          "h": 165,
          "type": "profile",
          "w": 165,
          "x": 92,
          "y": 621
      },
       {
          "a": 0,
          "effect": "none",
          "h": 255,
          "type": "profile",
          "w": 255,
          "x": 463,
          "y": 543
      }
     
     
		]
      
  }
}