[{"id":"3218","image":"3218.jpg"},{"id":"6204","image":"6204.jpg"},{"id":"6203","image":"6203.jpg"},{"id":"6202","image":"6202.jpg"},{"id":"3201","image":"3201.jpg"},{"id":"4071","image":"bg.jpg"},{"id": "6201", "image": "6201.jpg"},{"id":"3183","image":"3183.jpg"},{"id":"3234","image":"3234.jpg"},{"id":"3235","image":"3235.jpg"},{"id":"5077","image":"bg.jpg"},{"id":"4096","image":"bg.jpg"},{"id":"81511","image":"81511bg1.jpg"},{"id":"8170","image":"8170bg1.jpg"},{"id":"3233","image":"3233.jpg"},{"id":"1091","image":"1091.jpg"},{"id":"1089","image":"1089.jpg"},{"id":"1090","image":"1090.jpg"},{"id":"8168","image":"8168bg.jpg"},{"id":"5071","image":"bg.jpg"},{"id":"5073","image":"bg.jpg"},{"id":"3227","image":"3227.jpg"},{"id":"3231","image":"3231.jpg"},{"id":"3225","image":"3225.jpg"},{"id":"1088","image":"1088.jpg"},{"id":"4091","image":"bg.jpg"},{"id":"4093","image":"bg.jpg"},{"id":"3222","image":"3222.jpg"},{"id":"3216","image":"3216.jpg"},{"id":"3217","image":"3217.jpg"},{"id":"5062","image":"bg.jpg"},{"id":"5067","image":"bg.jpg"},{"id":"1085","image":"1085.jpg"},{"id":"4087","image":"bg.jpg"},{"id":"8165","image":"8165bg.jpg"},{"id":"3212","image":"3212.jpg"},{"id":"5061","image":"bg.jpg"},{"id":"3210","image":"32101.jpg"},{"id":"4082","image":"bg.jpg"},{"id":"3208","image":"3208.jpg"},{"id":"1084","image":"1084.jpg"},{"id":"8161","image":"8161bg.jpg"},{"id":"4081","image":"bg.jpg"},{"id":"1079","image":"1079.jpg"},{"id":"3207","image":"3207.jpg"},{"id":"3209","image":"3209.jpg"},{"id":"5060","image":"bg.jpg"},{"id":"8160","image":"8160bg.jpg?"},{"id":"4080","image":"bg.jpg"},{"id":"1080","image":"1080.jpg"},{"id":"3184","image":"3184.jpg"},{"id":"5059","image":"bg.jpg"},{"id":"3204","image":"3204.jpg"},{"id":"4079","image":"bg.jpg"},{"id":"8158","image":"8158bg2.jpg"},{"id":"8159","image":"8159bg.jpg"},{"id":"3206","image":"3206.jpg"},{"id":"1082","image":"1082.jpg"},{"id":"3203","image":"3203.jpg"},{"id":"3205","image":"3205.jpg"},{"id":"2032","image":"bg.jpg"},{"id":"4078","image":"bg.jpg"},{"id":"5058","image":"bg.jpg"},{"id":"1081","image":"1081.jpg"},{"id":"2031","image":"bg.jpg"},{"id":"8157","image":"8157bg.jpg"},{"id":"3202","image":"32021.jpg"},{"id":"4077","image":"bg.jpg"},{"id":"3200","image":"3200.jpg"},{"id":"8155","image":"8155bg.jpg"},{"id":"1078","image":"1078.jpg"},{"id":"4076","image":"bg.jpg"},{"id":"5057","image":"bg.jpg"},{"id":"3192","image":"3192.jpg"},{"id":"3197","image":"3197.jpg"},{"id":"3196","image":"3196.jpg"},{"id":"4075","image":"bg.jpg"},{"id":"3191","image":"3191.jpg"},{"id":"3195","image":"3195.jpg"},{"id":"3189","image":"3189.jpg"},{"id":"3188","image":"3188.jpg"},{"id":"2030","image":"bg.jpg"},{"id":"2018","image":"bg.jpg"},{"id":"5054","image":"bg.jpg"},{"id":"3185","image":"3185.jpg"},{"id":"8126","image":"8126bg.jpg"},{"id":"3024","image":"bg.png"},{"id":"3179","image":"3179.jpg"},{"id":"4051","image":"bg.jpg"},{"id":"3187","image":"3187.jpg"},{"id":"1074","image":"1074.jpg"},{"id":"3186","image":"3186.jpg"},{"id":"8150","image":"8150bg.jpg"},{"id":"3149","image":"3149.jpg"},{"id":"5052","image":"bg.jpg"},{"id":"4069","image":"bg.jpg"},{"id":"3181","image":"31811.jpg"},{"id":"2029","image":"2029.jpg"},{"id":"3085","image":"3085.jpg"},{"id":"8143","image":"8143bg.jpg"},{"id":"3080","image":"bg.jpg"},{"id":"3045","image":"bg.jpg"},{"id":"1072","image":"1072.jpg"},{"id":"4067","image":"bg.jpg"},{"id":"8146","image":"8146bg.jpg"},{"id":"2028","image":"2028.jpg"},{"id":"5051","image":"bg.jpg"},{"id":"3176","image":"3176.jpg"},{"id":"1070","image":"1070.jpg"},{"id":"5050","image":"bg.jpg"},{"id":"3174","image":"3174.jpg"},{"id":"4064","image":"bg.jpg"},{"id":"8145","image":"8145bg.jpg"},{"id":"3180","image":"3180.jpg"},{"id":"8144","image":"8144bg.jpg"},{"id":"4063","image":"bg.jpg"},{"id":"5049","image":"bg.jpg"},{"id":"5048","image":"bg1.jpg"},{"id":"3178","image":"3178.jpg"},{"id":"3177","image":"31771.jpg"},{"id":"1069","image":"1069.jpg"},{"id":"4061","image":"bg.jpg"},{"id":"8142","image":"8142bg1.jpg"},{"id":"1068","image":"1068.jpg"},{"id":"3171","image":"3171.jpg"},{"id":"3175","image":"3175.jpg"},{"id":"3170","image":"3170.jpg"},{"id":"3172","image":"3172.jpg"},{"id":"4060","image":"bg.jpg"},{"id":"3173","image":"3173.jpg"},{"id":"3169","image":"3169.jpg"},{"id":"3168","image":"3168.jpg"},{"id":"3167","image":"3167.jpg"},{"id":"3165","image":"31651.jpg"},{"id":"3164","image":"3164.jpg"},{"id":"3162","image":"3162.jpg"},{"id":"3161","image":"3161.jpg"},{"id":"3160","image":"3160.jpg"},{"id":"1057","image":"1057.jpg"},{"id":"3075","image":"bg.jpg"},{"id":"3159","image":"3159.jpg"},{"id":"3155","image":"3155.jpg"},{"id":"3154","image":"3154.jpg"},{"id":"3150","image":"3150.jpg"},{"id":"3144","image":"3144.jpg"},{"id":"3151","image":"3151.jpg"},{"id":"1060","image":"1060.jpg"},{"id":"3141","image":"3141.jpg"},{"id":"3148","image":"3148.jpg"},{"id":"3139","image":"3139.jpg"},{"id":"3152","image":"3152.jpg"},{"id":"3153","image":"3153.jpg"},{"id":"3147","image":"3147.jpg"},{"id":"3146","image":"3146.jpg"},{"id":"3145","image":"3145.jpg"},{"id":"3143","image":"3143.jpg"},{"id":"3142","image":"3142.jpg"},{"id":"1052","image":"1052.jpg"},{"id":"3102","image":"3102.jpg"},{"id":"8134","image":"8134bg.jpg"},{"id":"3112","image":"3112.jpg"},{"id":"2026","image":"bg.jpg"},{"id":"3117","image":"3117.jpg"},{"id":"3111","image":"3111.jpg"},{"id":"3097","image":"3097.jpg"},{"id":"3140","image":"3140.jpg"},{"id":"1064","image":"1064.jpg"},{"id":"3138","image":"3138.jpg"},{"id":"3131","image":"3131.jpg"},{"id":"3136","image":"3136.jpg"},{"id":"3137","image":"3137.jpg"},{"id":"3134","image":"3134.jpg"},{"id":"3135","image":"3135.jpg"},{"id":"3132","image":"3132.jpg"},{"id":"3133","image":"3133.jpg"},{"id":"2024","image":"bg.jpg"},{"id":"2025","image":"bg.jpg"},{"id":"3128","image":"3128.jpg"},{"id":"3127","image":"3127.jpg"},{"id":"3121","image":"3121.jpg"},{"id":"3130","image":"3130.jpg"},{"id":"3126","image":"3126.jpg"},{"id":"3123","image":"3123.jpg"},{"id":"3125","image":"3125.jpg"},{"id":"3104","image":"3104.jpg"},{"id":"3124","image":"3124.jpg"},{"id":"3122","image":"3122a.jpg"},{"id":"3220","image":"3220.jpg"},{"id":"3119","image":"3119.jpg"},{"id":"3116","image":"3116.jpg"},{"id":"4056","image":"bg.jpg"},{"id":"3118","image":"3118.jpg"},{"id":"3115","image":"3115.jpg"},{"id":"3129","image":"3129.jpg"},{"id":"3110","image":"3110.jpg"},{"id":"3114","image":"3114.jpg"},{"id":"3113","image":"3113.jpg"},{"id":"2019","image":"bg.jpg"},{"id":"3108","image":"3108.jpg"},{"id":"1066","image":"1066.jpg"},{"id":"4058","image":"bg.jpg"},{"id":"1067","image":"1067.jpg"},{"id":"5042","image":"bg.jpg"},{"id":"3081","image":"bg.jpg"},{"id":"3098","image":"3098.jpg"},{"id":"3103","image":"3103.jpg"},{"id":"3094","image":"3094.jpg"},{"id":"3095","image":"3095.jpg"},{"id":"3101","image":"3101.jpg"},{"id":"3100","image":"3100.jpg"},{"id":"3099","image":"3099.jpg"},{"id":"3096","image":"3096.jpg"},{"id":"3093","image":"3093.jpg"},{"id":"3092","image":"3092.jpg"},{"id":"3082","image":"bg.jpg"},{"id":"8125","image":"8125bg.jpg"},{"id":"5047","image":"bg.jpg"},{"id":"2023","image":"bg.jpg"},{"id":"5046","image":"bg.jpg"},{"id":"3091","image":"3091.jpg"},{"id":"1065","image":"1065.jpg"},{"id":"8140","image":"8140.jpg"},{"id":"3090","image":"3090.jpg"},{"id":"3089","image":"3089.jpg"},{"id":"2022","image":"bg.jpg"},{"id":"2020","image":"bg.jpg"},{"id":"3088","image":"3088.jpg"},{"id":"5044","image":"bg.jpg"},{"id":"5045","image":"pg.jpg"},{"id":"5035","image":"bg.jpg"},{"id":"4055","image":"bg.jpg"},{"id":"4057","image":"bg.jpg"},{"id":"5033","image":"bg2.jpg"},{"id":"3087","image":"3087.jpg"},{"id":"1063","image":"1063.jpg"},{"id":"5043","image":"bg.jpg"},{"id":"3109","image":"3109.jpg"},{"id":"3107","image":"3107.jpg"},{"id":"3106","image":"3106.jpg"},{"id":"3105","image":"3105.jpg"},{"id":"8141","image":"8141.jpg"},{"id":"3086","image":"3086.jpg"},{"id":"8137","image":"8137bg.jpg"},{"id":"2021","image":"bg.jpg"},{"id":"1062","image":"1062.jpg"},{"id":"5012","image":"bg.jpg"},{"id":"8136","image":"8136bg.jpg"},{"id":"5041","image":"bg.jpg"},{"id":"4054","image":"bg.jpg"},{"id":"1054","image":"1054.jpg"},{"id":"1056","image":"1056.jpg"},{"id":"3084","image":"bg.jpg"},{"id":"3061","image":"bg.jpg"},{"id":"8135","image":"8135bg.jpg"},{"id":"5040","image":"bg.jpg"},{"id":"4052","image":"bg.jpg"},{"id":"1061","image":"1061.jpg"},{"id":"3083","image":"bg.jpg"},{"id":"3079","image":"bg.jpg"},{"id":"3064","image":"bg.jpg"},{"id":"4003","image":"bg.png"},{"id":"1059","image":"1059.jpg"},{"id":"5039","image":"bg.jpg"},{"id":"4050","image":"bg.jpg"},{"id":"4049","image":"bg.jpg"},{"id":"2017","image":"bg.jpg"},{"id":"1058","image":"1058.jpg"},{"id":"3078","image":"bg.jpg"},{"id":"8133","image":"8133bg.jpg"},{"id":"5038","image":"bg.jpg"},{"id":"3077","image":"bg.jpg"},{"id":"2016","image":"bg.jpg"},{"id":"4048","image":"bg.jpg"},{"id":"9012","image":"bg.jpg"},{"id":"3076","image":"bg.jpg"},{"id":"5037","image":"bg.jpg"},{"id":"5036","image":"bg.jpg"},{"id":"2015","image":"bg.jpg"},{"id":"8131","image":"8131bg.jpg"},{"id":"9014","image":"bg.png"},{"id":"9015","image":"bg1.jpg"},{"id":"4047","image":"bg.jpg"},{"id":"5034","image":"bg.jpg"},{"id":"3074","image":"bg.jpg"},{"id":"8130","image":"8130bg.jpg"},{"id":"8129","image":"8129bg.jpg"},{"id":"4046","image":"bg.jpg"},{"id":"3073","image":"bg.jpg"},{"id":"1055","image":"1055.jpg"},{"id":"4045","image":"bg.jpg"},{"id":"3072","image":"bg.jpg"},{"id":"4037","image":"bg.png"},{"id":"9013","image":"bg1.jpg"},{"id":"8112","image":"8112bg.jpg"},{"id":"1005","image":"05_bg.jpg"},{"id":"3071","image":"bg.jpg"},{"id":"5032","image":"bg.jpg"},{"id":"4043","image":"bg.jpg"},{"id":"5029","image":"bg.jpg"},{"id":"3070","image":"bg.jpg"},{"id":"3069","image":"bg.jpg"},{"id":"8127","image":"8127bg.jpg"},{"id":"4042","image":"bg.jpg"},{"id":"5030","image":"bg.jpg"},{"id":"5028","image":"bg.jpg"},{"id":"3067","image":"bg.jpg"},{"id":"3066","image":"bg.jpg"},{"id":"3065","image":"bg.jpg"},{"id":"3063","image":"bg.jpg"},{"id":"2014","image":"bg.jpg"},{"id":"1019","image":"1019.png"},{"id":"1051","image":"1051.jpg"},{"id":"8123","image":"8123bg.jpg"},{"id":"8124","image":"8124bg.jpg"},{"id":"5026","image":"bg.jpg"},{"id":"1050","image":"1050.jpg"},{"id":"3060","image":"bg.jpg"},{"id":"3059","image":"bg.jpg"},{"id":"5025","image":"bg.jpg"},{"id":"4041","image":"bg.jpg"},{"id":"4040","image":"bg.png"},{"id":"3058","image":"bg.jpg"},{"id":"3057","image":"bg.jpg"},{"id":"3056","image":"bg.jpg"},{"id":"4039","image":"bg.png"},{"id":"1043","image":"1043.jpg"},{"id":"8122","image":"8122bg.jpg"},{"id":"3052","image":"bg.jpg"},{"id":"8121","image":"8121bg.jpg"},{"id":"3047","image":"bg.jpg"},{"id":"1048","image":"1048.jpg"},{"id":"5022","image":"bg.jpg"},{"id":"4030","image":"bg.png"},{"id":"1046","image":"1046.png"},{"id":"9011","image":"bg.jpg"},{"id":"1045","image":"1045.png"},{"id":"1044","image":"1044.png"},{"id":"6958","image":"thumb.png"},{"id":"7014","image":"thumb.png"},{"id":"3044","image":"bg.png"},{"id":"3043","image":"bg.png"},{"id":"3042","image":"bg.png"},{"id":"3041","image":"bg.png"},{"id":"4034","image":"bg.png"},{"id":"2012","image":"bg.jpg"},{"id":"5024","image":"bg.jpg"},{"id":"4038","image":"bg.jpg"},{"id":"3054","image":"bg.jpg"},{"id":"3053","image":"bg.jpg"},{"id":"3051","image":"bg.jpg"},{"id":"1049","image":"1049.jpg"},{"id":"3055","image":"bg.jpg"},{"id":"4036","image":"bg.png"},{"id":"2013","image":"bg.jpg"},{"id":"5023","image":"bg.jpg"},{"id":"3049","image":"bg.png"},{"id":"3048","image":"bg.png"},{"id":"3050","image":"bg.jpg"},{"id":"3040","image":"bg.png"},{"id":"3039","image":"bg.png"},{"id":"3033","image":"bg.jpg"},{"id":"3038","image":"bg.png"},{"id":"1042","image":"1042.jpg"},{"id":"1041","image":"1041.png"},{"id":"1040","image":"1040.png"},{"id":"5020","image":"bg.jpg"},{"id":"5019","image":"bg.png"},{"id":"3036","image":"bg.png"},{"id":"3037","image":"bg.jpg"},{"id":"2011","image":"bg.jpg"},{"id":"5018","image":"bg.png"},{"id":"5017","image":"bg.png"},{"id":"5016","image":"bg.png"},{"id":"5015","image":"bg.png"},{"id":"3034","image":"bg.jpg"},{"id":"3035","image":"bg.png"},{"id":"3031","image":"bg.jpg"},{"id":"3032","image":"bg.png"},{"id":"3030","image":"bg.png"},{"id":"5014","image":"bg.png"},{"id":"1039","image":"1039.png"},{"id":"1038","image":"1038.png"},{"id":"1037","image":"1037.png"},{"id":"1036","image":"1036.png"},{"id":"1035","image":"1035.png"},{"id":"1034","image":"1034.png"},{"id":"5013","image":"bg.png"},{"id":"5011","image":"bg.png"},{"id":"5010","image":"bg.png"},{"id":"4023","image":"bg.jpg"},{"id":"3029","image":"bg1.jpg"},{"id":"5009","image":"bg.png"},{"id":"1033","image":"1033.jpg"},{"id":"2010","image":"bg.jpg"},{"id":"8120","image":"8120bg.jpg"},{"id":"4022","image":"bg.png"},{"id":"1032","image":"1032.png"},{"id":"5008","image":"bg.png"},{"id":"4021","image":"bg.png"},{"id":"8119","image":"8119bg.jpg"},{"id":"4020","image":"bg.png"},{"id":"3028","image":"bg.jpg"},{"id":"8118","image":"8118bg.jpg"},{"id":"5007","image":"bg.jpg"},{"id":"5006","image":"bg.jpg"},{"id":"1031","image":"1031.jpg"}]