[{"id":"3337","image":"3337.jpg"},{"id":"3183","image":"3183.jpg"},{"id":"111212","image":"111212.jpg"},{"id":"6200","image":"6200.jpg"},{"id":"3339","image":"3339.jpg"},{"id":"4156","image":"4156.jpg"},{"id":"3331","image":"3331.jpg"},{"id":"4155","image":"4155.jpg"},{"id":"6204","image":"6204.jpg"},{"id":"6203","image":"6203.jpg"},{"id":"3300","image":"3300.jpg"},{"id":"5128","image":"5128.jpg"},{"id":"3218","image":"3218.jpg"},{"id":"8211","image":"8211.jpg"},{"id":"4154","image":"4154.jpg"},{"id":"4153","image":"4153.jpg"},{"id":"8210","image":"8210.jpg"},{"id":"8209","image":"8209.jpg"},{"id":"5126","image":"5126.jpg"},{"id":"5082","image":"bg.jpg"},{"id":"3285","image":"3285.jpg"},{"id":"3270","image":"3270.jpg"},{"id":"8197","image":"8197.jpg"},{"id":"1116","image":"1116.jpg"},{"id":"4099","image":"4099.jpg"},{"id":"3201","image":"3201.jpg"},{"id":"3305","image":"3305.jpg"},{"id":"8126","image":"8126bg.jpg"},{"id":"4113","image":"4113.jpg"},{"id":"4146","image":"4146.jpg"},{"id":"3307","image":"3307.jpg"},{"id":"6202","image":"6202.jpg"},{"id":"4071","image":"bg.jpg"},{"id":"2040","image":"2040.jpg"},{"id":"3278","image":"3278.jpg"},{"id":"1094","image":"1094.jpg"},{"id":"2034","image":"bg.jpg"},{"id":"3280","image":"3280.jpg"},{"id":"6125","image":"bg.jpg"},{"id":"1088","image":"1088.jpg"},{"id":"4110","image":"4110.jpg"},{"id":"4123","image":"4123-1.jpg"},{"id":"3184","image":"3184.jpg"},{"id":"3149","image":"3149.jpg"},{"id":"4109","image":"4109.jpg"},{"id":"3294","image":"3294.jpg"},{"id":"3264","image":"3264.jpg"},{"id":"3302","image":"3302.jpg"},{"id":"3180","image":"3180.jpg"},{"id":"4100","image":"bg.jpg"},{"id":"4068","image":"bg.jpg"},{"id":"8190","image":"8190.jpg"},{"id":"1106","image":"1106.jpg"},{"id":"3075","image":"bg.jpg"},{"id":"4129","image":"4129.jpg"},{"id":"8189","image":"8189.jpg"},{"id":"8207","image":"8207.jpg"},{"id":"4152","image":"4152.jpg"},{"id":"8206","image":"8206.jpg"},{"id":"4149","image":"4149.jpg"},{"id":"5124","image":"5124.jpg"},{"id":"5122","image":"5122.jpg"},{"id":"4147","image":"4147.jpg"},{"id":"5123","image":"5123.jpg"},{"id":"3322","image":"3322.jpg"},{"id":"5119","image":"5119.jpg"},{"id":"8204","image":"8204.jpg"},{"id":"8203","image":"8203.jpg"},{"id":"5117","image":"5117.jpg"},{"id":"3330","image":"3330.jpg"},{"id":"1121","image":"1121.jpg"},{"id":"3333","image":"3333.jpg"},{"id":"5116","image":"5116.jpg"},{"id":"8201","image":"8201.jpg"},{"id":"3325","image":"3325.jpg"},{"id":"3329","image":"3329.jpg"},{"id":"1117","image":"1117.jpg"},{"id":"4140","image":"4140.jpg"},{"id":"3326","image":"3326.jpg"},{"id":"3327","image":"3327.jpg"},{"id":"1119","image":"1119.jpg"},{"id":"1120","image":"1120.jpg"},{"id":"5112","image":"5112.jpg"},{"id":"8200","image":"8200.jpg"},{"id":"4138","image":"4138.jpg"},{"id":"1115","image":"1115.jpg"},{"id":"3323","image":"3323.jpg"},{"id":"5113","image":"5113.jpg"},{"id":"3321","image":"3321.jpg"},{"id":"8199","image":"8199.jpg"},{"id":"3318","image":"3318.jpg"},{"id":"3317","image":"3317.jpg"},{"id":"4136","image":"4136.jpg"},{"id":"1114","image":"1114.jpg"},{"id":"3316","image":"3316.jpg"},{"id":"3315","image":"3315.jpg"},{"id":"8196","image":"8196.jpg"},{"id":"2042","image":"2042.jpg"},{"id":"1112","image":"1112.jpg"},{"id":"4134","image":"4134.jpg"},{"id":"5109","image":"5109.jpg"},{"id":"3311","image":"3311.jpg"},{"id":"8194","image":"8194.jpg"},{"id":"1113","image":"1113.jpg"},{"id":"33041","image":"3304.jpg"},{"id":"5108","image":"5108.jpg"},{"id":"4132","image":"4132.jpg"},{"id":"1111","image":"1111.jpg"},{"id":"3309","image":"3309.jpg"},{"id":"1110","image":"1110.jpg"},{"id":"4131","image":"4131.jpg"},{"id":"2041","image":"2041.jpg"},{"id":"5106","image":"5106.jpg"},{"id":"8192","image":"8192t.jpg"},{"id":"3303","image":"3303.jpg"},{"id":"5105","image":"5105.jpg"},{"id":"1109","image":"1109.jpg"},{"id":"4126","image":"4126.jpg"},{"id":"3295","image":"3295.jpg"},{"id":"1108","image":"1108.jpg"},{"id":"3299","image":"3299.jpg"},{"id":"5104","image":"5104-1.jpg"},{"id":"3297","image":"3297.jpg"},{"id":"3287","image":"3287.jpg"},{"id":"3290","image":"3290.jpg"},{"id":"3289","image":"3289.jpg"},{"id":"4125","image":"4125.jpg"},{"id":"3291","image":"3291.jpg"},{"id":"3284","image":"3284.jpg"},{"id":"3282","image":"3282.jpg"},{"id":"5101","image":"5101.jpg"},{"id":"4121","image":"4121.jpg"},{"id":"5100","image":"5100.jpg"},{"id":"3281","image":"3281.jpg"},{"id":"1107","image":"1107.jpg"},{"id":"3276","image":"3276.jpg"},{"id":"4119","image":"4119.jpg"},{"id":"6127","image":"bg.jpg?v"},{"id":"3275","image":"3275.jpg"},{"id":"6126","image":"8125bg.jpg"},{"id":"1105","image":"1105.jpg"},{"id":"3274","image":"3274a.jpg"},{"id":"5096","image":"5096.jpg"},{"id":"3273","image":"3273.jpg"},{"id":"8187","image":"8187.jpg"},{"id":"4116","image":"4116.jpg"},{"id":"8180","image":"8180.jpg"},{"id":"5097","image":"5097.jpg"},{"id":"3269","image":"3269.jpg"},{"id":"3268","image":"3268.jpg"},{"id":"6101","image":"bg.jpg"},{"id":"1096","image":"1096.jpg"},{"id":"3216","image":"3216.jpg"},{"id":"3237","image":"3237.jpg"},{"id":"4076","image":"bg.jpg"},{"id":"3246","image":"3246.jpg"},{"id":"3240","image":"3240.jpg"},{"id":"4081","image":"bg.jpg"},{"id":"81511","image":"81511bg1.jpg"},{"id":"4051","image":"bg.jpg"},{"id":"1081","image":"1081.jpg"},{"id":"4112","image":"4112.jpg"},{"id":"5094","image":"5094.jpg"},{"id":"3262","image":"3262.jpg"},{"id":"5095","image":"5095.jpg"},{"id":"2039","image":"2039.jpg"},{"id":"1103","image":"1103.jpg"},{"id":"3266","image":"3266.jpg"},{"id":"3260","image":"3260.jpg"},{"id":"8183","image":"8183.jpg"},{"id":"3263","image":"3263.jpg"},{"id":"5093","image":"5093-1.jpg"},{"id":"1102","image":"1102.jpg"},{"id":"1118","image":"1118.jpg"},{"id":"5073","image":"bg.jpg"},{"id":"2037","image":"2037.jpg"},{"id":"3259","image":"3259.jpg"},{"id":"3255","image":"3255.jpg"},{"id":"8181","image":"8181.jpg"},{"id":"3256","image":"3256.jpg"},{"id":"5091","image":"5091.jpg"},{"id":"4104","image":"bg.jpg"},{"id":"2035","image":"bg.jpg"},{"id":"1099","image":"1099.jpg"},{"id":"4107","image":"bg.jpg"},{"id":"4108","image":"bg.jpg"},{"id":"8178","image":"8178m.jpg"},{"id":"3250","image":"3250.jpg"},{"id":"3251","image":"3251.jpg"},{"id":"5087","image":"bg.jpg"},{"id":"5088","image":"bg.jpg"},{"id":"1098","image":"1098.jpg"},{"id":"8177","image":"8177bg1.jpg"},{"id":"8176","image":"8176bg1.jpg"},{"id":"3245","image":"3245.jpg"},{"id":"3247","image":"3247.jpg"},{"id":"5084","image":"bg.jpg"},{"id":"1097","image":"1097.jpg"},{"id":"3243","image":"3243a.jpg"},{"id":"4103","image":"bg1.jpg"},{"id":"1095","image":"1095.jpg"},{"id":"3242","image":"3242.jpg"},{"id":"3241","image":"3241.jpg"},{"id":"4096","image":"bg.jpg"},{"id":"1092","image":"1092.jpg"},{"id":"5080","image":"bg.jpg"},{"id":"3238","image":"3238.jpg"},{"id":"1093","image":"1093.jpg"},{"id":"8170","image":"8170bg1.jpg"},{"id":"3233","image":"3233.jpg"},{"id":"3234","image":"3234.jpg"},{"id":"3235","image":"3235.jpg"},{"id":"5077","image":"bg.jpg"},{"id":"1091","image":"1091.jpg"},{"id":"3210","image":"32101.jpg"},{"id":"1089","image":"1089.jpg"},{"id":"1090","image":"1090.jpg"},{"id":"8168","image":"8168bg.jpg"},{"id":"5071","image":"bg.jpg"},{"id":"3227","image":"3227.jpg"},{"id":"3231","image":"3231.jpg"},{"id":"4091","image":"bg.jpg"},{"id":"4093","image":"bg.jpg"},{"id":"3222","image":"3222.jpg"},{"id":"3225","image":"3225.jpg"},{"id":"5062","image":"bg.jpg"},{"id":"5067","image":"bg.jpg"},{"id":"1085","image":"1085.jpg"},{"id":"4087","image":"bg.jpg"},{"id":"8165","image":"8165bg.jpg"},{"id":"3217","image":"3217.jpg"},{"id":"5061","image":"bg.jpg"},{"id":"4082","image":"bg.jpg"},{"id":"3208","image":"3208.jpg"},{"id":"1084","image":"1084.jpg"},{"id":"8161","image":"8161bg.jpg"},{"id":"1079","image":"1079.jpg"},{"id":"3207","image":"3207.jpg"},{"id":"5060","image":"bg.jpg"},{"id":"8160","image":"8160bg.jpg?"},{"id":"4080","image":"bg.jpg"},{"id":"1080","image":"1080.jpg"},{"id":"3209","image":"3209.jpg"},{"id":"3203","image":"3203.jpg"},{"id":"8158","image":"8158bg2.jpg"},{"id":"3080","image":"bg.jpg"},{"id":"4079","image":"bg.jpg"},{"id":"8159","image":"8159bg.jpg"},{"id":"3206","image":"3206.jpg"},{"id":"1082","image":"1082.jpg"},{"id":"3204","image":"3204.jpg"},{"id":"5059","image":"bg.jpg"},{"id":"3205","image":"3205.jpg"},{"id":"2032","image":"bg.jpg"},{"id":"4078","image":"bg.jpg"},{"id":"3202","image":"32021.jpg"},{"id":"8157","image":"8157bg.jpg"},{"id":"4077","image":"bg.jpg"},{"id":"2031","image":"bg.jpg"},{"id":"5058","image":"bg.jpg"},{"id":"3200","image":"3200.jpg"},{"id":"8125","image":"8125bg.jpg"},{"id":"3190","image":"3190.jpg"},{"id":"2018","image":"bg.jpg"},{"id":"1078","image":"1078.jpg"},{"id":"8155","image":"8155bg.jpg"},{"id":"5057","image":"bg.jpg"},{"id":"3192","image":"3192.jpg"},{"id":"8156","image":"8156bg.jpg"},{"id":"3196","image":"3196.jpg"},{"id":"3197","image":"3197.jpg"},{"id":"5054","image":"bg.jpg"},{"id":"4003","image":"bg.png"},{"id":"4075","image":"bg.jpg"},{"id":"3195","image":"3195.jpg"},{"id":"3191","image":"3191.jpg"},{"id":"1070","image":"1070.jpg"},{"id":"2030","image":"bg.jpg"},{"id":"4069","image":"bg.jpg"},{"id":"2029","image":"2029.jpg"},{"id":"3171","image":"3171.jpg"},{"id":"3179","image":"3179.jpg"},{"id":"8143","image":"8143bg.jpg"},{"id":"3187","image":"3187.jpg"},{"id":"4067","image":"bg.jpg"},{"id":"1074","image":"1074.jpg"},{"id":"8150","image":"8150bg.jpg"},{"id":"4065","image":"bg1.jpg"},{"id":"4064","image":"bg.jpg"},{"id":"5052","image":"bg.jpg"},{"id":"4063","image":"bg.jpg"},{"id":"8144","image":"8144bg.jpg"},{"id":"8145","image":"8145bg.jpg"},{"id":"1072","image":"1072.jpg"},{"id":"8146","image":"8146bg.jpg"},{"id":"3186","image":"3186.jpg"},{"id":"5050","image":"bg.jpg"},{"id":"3161","image":"3161.jpg"},{"id":"3181","image":"31811.jpg"},{"id":"1060","image":"1060.jpg"},{"id":"2028","image":"2028.jpg"},{"id":"3141","image":"3141.jpg"},{"id":"3150","image":"3150.jpg"},{"id":"5049","image":"bg.jpg"},{"id":"1057","image":"1057.jpg"},{"id":"3178","image":"3178.jpg"},{"id":"3167","image":"3167.jpg"},{"id":"3173","image":"3173.jpg"},{"id":"5051","image":"bg.jpg"},{"id":"8142","image":"8142bg1.jpg"},{"id":"3168","image":"3168.jpg"},{"id":"3162","image":"3162.jpg"},{"id":"2027","image":"bg.jpg"},{"id":"1069","image":"1069.jpg"},{"id":"4060","image":"bg.jpg"},{"id":"3160","image":"3160.jpg"},{"id":"3151","image":"3151.jpg"},{"id":"4059","image":"bg.jpg"},{"id":"3172","image":"3172.jpg"},{"id":"3169","image":"3169.jpg"},{"id":"3176","image":"3176.jpg"},{"id":"3131","image":"3131.jpg"},{"id":"5048","image":"bg1.jpg"},{"id":"3174","image":"3174.jpg"},{"id":"4061","image":"bg.jpg"},{"id":"1066","image":"1066.jpg"},{"id":"3147","image":"3147.jpg"},{"id":"3139","image":"3139.jpg"},{"id":"4056","image":"bg.jpg"},{"id":"3111","image":"3111.jpg"},{"id":"3170","image":"3170.jpg"},{"id":"3144","image":"3144.jpg"},{"id":"3137","image":"3137.jpg"},{"id":"3153","image":"3153.jpg"},{"id":"3155","image":"3155.jpg"},{"id":"4050","image":"bg.jpg"},{"id":"3121","image":"3121.jpg"},{"id":"3134","image":"3134.jpg"},{"id":"3148","image":"3148.jpg"},{"id":"3152","image":"3152.jpg"},{"id":"3165","image":"31651.jpg"},{"id":"3175","image":"3175.jpg"},{"id":"1068","image":"1068.jpg"},{"id":"3122","image":"3122a.jpg"},{"id":"4058","image":"bg.jpg"},{"id":"1067","image":"1067.jpg"},{"id":"5042","image":"bg.jpg"},{"id":"3045","image":"bg.jpg"},{"id":"3081","image":"bg.jpg"},{"id":"3098","image":"3098.jpg"},{"id":"3103","image":"3103.jpg"},{"id":"3094","image":"3094.jpg"},{"id":"3095","image":"3095.jpg"},{"id":"3101","image":"3101.jpg"},{"id":"3100","image":"3100.jpg"},{"id":"3099","image":"3099.jpg"},{"id":"3096","image":"3096.jpg"},{"id":"3093","image":"3093.jpg"},{"id":"3092","image":"3092.jpg"},{"id":"3082","image":"bg.jpg"},{"id":"5047","image":"bg.jpg"},{"id":"2023","image":"bg.jpg"},{"id":"5046","image":"bg.jpg"},{"id":"3091","image":"3091.jpg"},{"id":"1065","image":"1065.jpg"},{"id":"8140","image":"8140.jpg"},{"id":"3090","image":"3090.jpg"},{"id":"3089","image":"3089.jpg"},{"id":"2022","image":"bg.jpg"},{"id":"2020","image":"bg.jpg"},{"id":"3088","image":"3088.jpg"},{"id":"5044","image":"bg.jpg"},{"id":"5045","image":"pg.jpg"},{"id":"3085","image":"3085.jpg"},{"id":"5035","image":"bg.jpg"},{"id":"4055","image":"bg.jpg"},{"id":"4057","image":"bg.jpg"},{"id":"5033","image":"bg2.jpg"},{"id":"3087","image":"3087.jpg"},{"id":"1063","image":"1063.jpg"},{"id":"5043","image":"bg.jpg"},{"id":"3109","image":"3109.jpg"},{"id":"3107","image":"3107.jpg"},{"id":"3106","image":"3106.jpg"},{"id":"3105","image":"3105.jpg"},{"id":"8141","image":"8141.jpg"},{"id":"3086","image":"3086.jpg"},{"id":"8137","image":"8137bg.jpg"},{"id":"2021","image":"bg.jpg"},{"id":"1062","image":"1062.jpg"},{"id":"5012","image":"bg.jpg"},{"id":"8136","image":"8136bg.jpg"},{"id":"5041","image":"bg.jpg"},{"id":"4054","image":"bg.jpg"},{"id":"1054","image":"1054.jpg"},{"id":"1056","image":"1056.jpg"},{"id":"3084","image":"bg.jpg"},{"id":"3061","image":"bg.jpg"},{"id":"8135","image":"8135bg.jpg"},{"id":"5040","image":"bg.jpg"},{"id":"4052","image":"bg.jpg"},{"id":"1061","image":"1061.jpg"},{"id":"3083","image":"bg.jpg"},{"id":"3079","image":"bg.jpg"},{"id":"3064","image":"bg.jpg"},{"id":"1059","image":"1059.jpg"},{"id":"5039","image":"bg.jpg"},{"id":"4049","image":"bg.jpg"},{"id":"2017","image":"bg.jpg"},{"id":"1058","image":"1058.jpg"},{"id":"3078","image":"bg.jpg"},{"id":"8133","image":"8133bg.jpg"},{"id":"5038","image":"bg.jpg"},{"id":"3077","image":"bg.jpg"},{"id":"2016","image":"bg.jpg"},{"id":"4048","image":"bg.jpg"},{"id":"9012","image":"bg.jpg"},{"id":"3076","image":"bg.jpg"},{"id":"5037","image":"bg.jpg"},{"id":"5036","image":"bg.jpg"},{"id":"2015","image":"bg.jpg"},{"id":"8131","image":"8131bg.jpg"},{"id":"9014","image":"bg.png"},{"id":"9015","image":"bg1.jpg"},{"id":"4047","image":"bg.jpg"},{"id":"5034","image":"bg.jpg"},{"id":"3074","image":"bg.jpg"},{"id":"8130","image":"8130bg.jpg"},{"id":"8129","image":"8129bg.jpg"},{"id":"4046","image":"bg.jpg"},{"id":"3073","image":"bg.jpg"},{"id":"1055","image":"1055.jpg"},{"id":"4045","image":"bg.jpg"},{"id":"3072","image":"bg.jpg"},{"id":"4037","image":"bg.png"},{"id":"9013","image":"bg1.jpg"},{"id":"3024","image":"bg.png"},{"id":"8112","image":"8112bg.jpg"},{"id":"1005","image":"05_bg.jpg"},{"id":"3071","image":"bg.jpg"},{"id":"5032","image":"bg.jpg"},{"id":"4043","image":"bg.jpg"},{"id":"5029","image":"bg.jpg"},{"id":"3070","image":"bg.jpg"},{"id":"3069","image":"bg.jpg"},{"id":"8127","image":"8127bg.jpg"},{"id":"4042","image":"bg.jpg"},{"id":"5030","image":"bg.jpg"},{"id":"5028","image":"bg.jpg"},{"id":"3067","image":"bg.jpg"},{"id":"3066","image":"bg.jpg"},{"id":"3065","image":"bg.jpg"},{"id":"3063","image":"bg.jpg"},{"id":"2014","image":"bg.jpg"},{"id":"1019","image":"1019.png"},{"id":"1051","image":"1051.jpg"},{"id":"8123","image":"8123bg.jpg"},{"id":"8124","image":"8124bg.jpg"},{"id":"5026","image":"bg.jpg"},{"id":"1050","image":"1050.jpg"},{"id":"3060","image":"bg.jpg"},{"id":"3059","image":"bg.jpg"},{"id":"5025","image":"bg.jpg"},{"id":"4041","image":"bg.jpg"},{"id":"4040","image":"bg.png"},{"id":"3058","image":"bg.jpg"},{"id":"3057","image":"bg.jpg"},{"id":"3056","image":"bg.jpg"},{"id":"4039","image":"bg.png"},{"id":"1043","image":"1043.jpg"},{"id":"8122","image":"8122bg.jpg"},{"id":"3052","image":"bg.jpg"},{"id":"8121","image":"8121bg.jpg"},{"id":"3047","image":"bg.jpg"},{"id":"1048","image":"1048.jpg"},{"id":"5022","image":"bg.jpg"},{"id":"4030","image":"bg.png"},{"id":"1046","image":"1046.png"},{"id":"9011","image":"bg.jpg"},{"id":"1045","image":"1045.png"},{"id":"1044","image":"1044.png"},{"id":"6958","image":"thumb.png"},{"id":"7014","image":"thumb.png"},{"id":"3044","image":"bg.png"},{"id":"3043","image":"bg.png"},{"id":"3042","image":"bg.png"},{"id":"3041","image":"bg.png"},{"id":"4034","image":"bg.png"},{"id":"2012","image":"bg.jpg"},{"id":"5024","image":"bg.jpg"},{"id":"4038","image":"bg.jpg"},{"id":"3054","image":"bg.jpg"},{"id":"3053","image":"bg.jpg"},{"id":"3051","image":"bg.jpg"},{"id":"1049","image":"1049.jpg"},{"id":"3055","image":"bg.jpg"},{"id":"4036","image":"bg.png"},{"id":"2013","image":"bg.jpg"},{"id":"5023","image":"bg.jpg"},{"id":"3049","image":"bg.png"},{"id":"3048","image":"bg.png"},{"id":"3050","image":"bg.jpg"},{"id":"3040","image":"bg.png"},{"id":"3039","image":"bg.png"},{"id":"3033","image":"bg.jpg"},{"id":"3038","image":"bg.png"},{"id":"1042","image":"1042.jpg"},{"id":"1041","image":"1041.png"},{"id":"1040","image":"1040.png"},{"id":"5020","image":"bg.jpg"},{"id":"5019","image":"bg.png"},{"id":"3036","image":"bg.png"},{"id":"3037","image":"bg.jpg"},{"id":"2011","image":"bg.jpg"},{"id":"5018","image":"bg.png"},{"id":"5017","image":"bg.png"},{"id":"5016","image":"bg.png"},{"id":"5015","image":"bg.png"},{"id":"3034","image":"bg.jpg"},{"id":"3035","image":"bg.png"},{"id":"3031","image":"bg.jpg"},{"id":"3032","image":"bg.png"},{"id":"3030","image":"bg.png"},{"id":"5014","image":"bg.png"},{"id":"1039","image":"1039.png"},{"id":"1038","image":"1038.png"},{"id":"1037","image":"1037.png"},{"id":"1036","image":"1036.png"},{"id":"1035","image":"1035.png"},{"id":"1034","image":"1034.png"},{"id":"5013","image":"bg.png"},{"id":"5011","image":"bg.png"},{"id":"5010","image":"bg.png"},{"id":"4023","image":"bg.jpg"},{"id":"3029","image":"bg1.jpg"},{"id":"5009","image":"bg.png"},{"id":"1033","image":"1033.jpg"},{"id":"2010","image":"bg.jpg"},{"id":"8120","image":"8120bg.jpg"},{"id":"4022","image":"bg.png"},{"id":"1032","image":"1032.png"},{"id":"5008","image":"bg.png"},{"id":"4021","image":"bg.png"},{"id":"8119","image":"8119bg.jpg"},{"id":"4020","image":"bg.png"},{"id":"3028","image":"bg.jpg"},{"id":"8118","image":"8118bg.jpg"},{"id":"5007","image":"bg.jpg"},{"id":"5006","image":"bg.jpg"},{"id":"1031","image":"1031.jpg"}]