{"quiz":{"hideAds":false,"id":3060},"result":{"width":950,"height":742,"image":"in.png","overlays":[{"type":"profile","x":98,"y":176,"w":244,"h":243,"effect":"none","a":0},{"type":"profile","x":332,"y":126,"w":93,"h":93,"effect":"none","a":0},{"type":"profile","x":449,"y":94,"w":137,"h":137,"effect":"none","a":0},{"type":"profile","x":306,"y":291,"w":355,"h":246,"effect":"none","a":0},{"type":"profile","x":739,"y":432,"w":125,"h":126,"effect":"none","a":0},{"type":"profile","x":670,"y":259,"w":174,"h":174,"effect":"none","a":0},{"type":"profile","x":784,"y":161,"w":117,"h":116,"effect":"none","a":0}]}}